{"version": "1", "message": "ERROR: Hidden Testcases server unreachable.", "problem_id": "ads2_m6_a1_1", "user_id": "krajeshkumar11", "score": {"sample": {"0": {"execution_time": 0.09360003471374512, "passed": false}, "1": {"execution_time": 0.09360003471374512, "passed": false}, "2": {"execution_time": 0.09360003471374512, "passed": false}, "3": {"execution_time": 0.12480020523071289, "passed": false}, "4": {"execution_time": 0.10920023918151855, "passed": false}, "5": {"execution_time": 0.09360027313232422, "passed": false}, "6": {"execution_time": 0.09360003471374512, "passed": true}, "7": {"execution_time": 0.09360027313232422, "passed": false}, "8": {"execution_time": 0.09360027313232422, "passed": true}, "9": {"execution_time": 0.10920023918151855, "passed": false}, "10": {"execution_time": 0.09360027313232422, "passed": false}, "11": {"execution_time": 0.18720006942749023, "passed": false}}}, "check_style_score": "1/1"}