{"version": "1", "message": "ERROR: Hidden Testcases server unreachable.", "problem_id": "ads2_m4_a1_1", "user_id": "krajeshkumar11", "score": {"sample": {"0": {"execution_time": 0.18720030784606934, "passed": true}, "1": {"execution_time": 0.218400239944458, "passed": true}, "2": {"execution_time": 0.18720030784606934, "passed": false}, "3": {"execution_time": 0.28080034255981445, "passed": false}, "4": {"execution_time": 0.09360027313232422, "passed": true}, "5": {"execution_time": 0.1248006820678711, "passed": true}, "6": {"execution_time": 0.09360027313232422, "passed": true}, "7": {"execution_time": 0.09360003471374512, "passed": true}, "8": {"execution_time": 0.07800006866455078, "passed": true}, "9": {"execution_time": 0.10920000076293945, "passed": true}, "10": {"execution_time": 0.09360027313232422, "passed": true}, "11": {"execution_time": 0.09360003471374512, "passed": true}, "12": {"execution_time": 0.09360027313232422, "passed": true}, "13": {"execution_time": 1.4040024280548096, "passed": false}, "14": {"execution_time": 0.171600341796875, "passed": true}}}, "check_style_score": "1/1"}