{"version": "1", "message": "ERROR: Hidden Testcases server unreachable.", "problem_id": "ads2_m4_a1_1", "user_id": "krajeshkumar11", "score": {"sample": {"0": {"execution_time": 0.07799983024597168, "passed": true}, "1": {"execution_time": 0.12480020523071289, "passed": true}, "2": {"execution_time": 0.1716001033782959, "passed": true}, "3": {"execution_time": 0.20280027389526367, "passed": true}, "4": {"execution_time": 0.09359979629516602, "passed": true}, "5": {"execution_time": 0.10920000076293945, "passed": true}, "6": {"execution_time": 0.10920000076293945, "passed": true}, "7": {"execution_time": 0.10920023918151855, "passed": true}, "8": {"execution_time": 0.07800006866455078, "passed": true}, "9": {"execution_time": 0.09360027313232422, "passed": false}, "10": {"execution_time": 0.09360027313232422, "passed": false}, "11": {"execution_time": 0.09360003471374512, "passed": false}, "12": {"execution_time": 0.09360003471374512, "passed": false}, "13": {"execution_time": 1.1856021881103516, "passed": false}, "14": {"execution_time": 0.10920023918151855, "passed": false}}}, "check_style_score": "1/1"}