{"version": "1", "message": "ERROR: Hidden Testcases server unreachable.", "problem_id": "ads2_m4_a1_1", "user_id": "krajeshkumar11", "score": {"sample": {"0": {"execution_time": 0.07800006866455078, "passed": false}, "1": {"execution_time": 0.10920047760009766, "passed": false}, "2": {"execution_time": 0.15600013732910156, "passed": false}, "3": {"execution_time": 0.18720030784606934, "passed": false}, "4": {"execution_time": 0.10920000076293945, "passed": true}, "5": {"execution_time": 0.07800006866455078, "passed": false}, "6": {"execution_time": 0.09360027313232422, "passed": true}, "7": {"execution_time": 0.09360027313232422, "passed": false}, "8": {"execution_time": 0.07800006866455078, "passed": false}, "9": {"execution_time": 0.07800006866455078, "passed": true}, "10": {"execution_time": 0.07800006866455078, "passed": true}, "11": {"execution_time": 0.07800006866455078, "passed": true}, "12": {"execution_time": 0.07800030708312988, "passed": true}, "13": {"execution_time": 1.1388020515441895, "passed": false}, "14": {"execution_time": 0.09360027313232422, "passed": false}}}, "check_style_score": "1/1"}